Link,Source,Target
1,of:0000000000000001,of:0000000000000003
1,of:0000000000000003,of:0000000000000004
1,of:0000000000000002,of:0000000000000004
1,of:0000000000000003,of:0000000000000001
1,of:0000000000000004,of:0000000000000002
1,of:0000000000000002,of:0000000000000001
1,of:0000000000000003,of:0000000000000002
1,of:0000000000000004,of:0000000000000003
1,of:0000000000000002,of:0000000000000003
1,of:0000000000000001,of:0000000000000002
1,F6:8B:B6:3A:31:F0,of:0000000000000003
1,7A:B4:B6:B5:F4:9C,of:0000000000000001
1,42:B0:55:7F:23:9C,of:0000000000000002
1,62:A3:0E:13:9D:FB,of:0000000000000004
